id,description,details,image,currency,cost,margin,markup,unitPrice,unitType,trademark,barcode,internalCode
-LM3cC06oDK2ksRzwlBz,Curva,,,,,,,,un,,,
-LM3cXSPCcj0Q6kJSbfu,Eletroduto de 1/2,,,,,,,,un,,,
-LM3ciEGnyGnm0UjM8Pm,Caixa 4/2 sistema x,,,,,,,,un,,,
-LM3cpVoJxO6uOWIwBuP,Luva de 1/2,,,,,,,,un,,,
-MA24X3Ij4D8vWnOSp3Z,DVR 8CH MHDX 1208,,,BRL,"R$ 609,00",35%,"53,85%","R$ 936,92",UN,,,
-MA24sg_0Vkq9ToyL1Fb,CÂMERA INFRAVERMELHO HD 20M BULET,,,BRL,,,,"R$188,00",UN ,,,
-MA257Bz-N1K2wTwJZAK,FONTE ALIMENTAÇÃO 12V 10 Amp.,,,BRL,"R$145,00",25%,,"R$193,33",UN,INTELBRAS,,
-MA25a1b83VVf_XS7N3K,CABO COAXIAL 4MM BLINDADO + BIPOLAR 100M,,,BRL,"R$ 130,00",40%,"66,67%","R$ 216,67",PÇ,,,
-MA25kZvXubxbAbGBTIy,CONECTOR BNC MOLA ,,,BRL,"R$ 6,50",35%,"53,85%","R$ 10,00",UN,,,
-MA25qGHSExTrj0xDr-R,CONECTOR P4 MACHO ,,,BRL,"R$ 6,00","38,78%","63,33%","R$ 9,80",UN,,,
-MCCiA8CYZYnlS0aHB-w,CAMERA INFRAVERMELHO HD DOME ,,,BRL,"R$ 135,00",35%,"53,84%","R$ 207,69",UN,,,
-MI18C8umYLbOJofwKGP,Cabo coaxial RG6 com 90% malha Alum.,,,BRL,"R$ 3,00",60%,150%,"R$ 7,50",Metro,,,
-MI5beBVt8CDON8DVZ_d,Conector compressão RG6 inox,,,BRL,,,,"R$5,00",UN,,,
-MI5bsN7HJKKfFFgEw1t,BUCHA CLAMPS,,,BRL,"R$ 1,20",60%,150%,"R$ 3,00",UN,INTELBRAS ,,
-MI5d1H9_JoImumIzx07,Antena digital superlog 32 elementos.,,,BRL,,,,"R$ 130,00",UN,,,
-MI5esBWRoZaAYzy6YfP,Divisor sinal digital 1:2,,,BRL,,,,"R$12,00",UN,,,
-MI5f-YVAF8caQyq6qG5,Divisor sinal digital TV 1:3,,,BRL,,,,"R$15,00",UN,,,
-MIJkh2RVAzy35c0yITY,TERMINAL DE PORTARIA TP 2000,,,BRL,,,,"R$189,80",UN,,,
-MKAOaXmQr7mTanLpMRl,CABO COAXIAL 4MM BLINDADO + BIPOLAR ,,,BRL,"R$ 3,90",60%,150%,"R$ 9,75",Metro,,,
-MMpUO_IHepgtKZ-ZHZU,"Kit Central Eletrificadora com Controle Remoto, Sirene e Bateria 12V/7amp",,,BRL,"R$385,00",,,,UN,,,
-MS7u2-AgFh71v3R29J8,Aparelho Interfone,,,BRL,"R$ 50,00",35%,"53,84%","R$ 76,92",UN,Intelbras ,,
-MSVbp2NMqcqS_6Sl0UW,"CABO FLEXÍVEL 2,5MM BB100M 750V COBRE",,,BRL,"R$ 3,80",60%,150%,"R$ 9,50",METRO,SIL,,
-MSVcK777VIfhflli0jr,BUCHA NYLON + PARAFUSO SEXTAVADO 12MM CARTELA COM 4 UNID,,,BRL,"R$ 18,90",60%,150%,"R$ 47,25",KIT 02 PC,BENFIXA,,
-MSVc_F8dJ5dX7Nx75SA,ARRUELA INOX LISA 3/8,,,BRL,,,,"R$ 9,00",Kit 05 unidades ,CISER,,
-MSVdEQ3x4yAgbz2n7n7,ARRUELA INOX LISA 1/2,,,BRL,,,,"R$ 13,90",Kit 05 unidades ,CISER,,
-MUDuET4vf7CQsB_oKa1,DVR 16CH SEM HD INTELBRAS ,,,BRL,,,,"R$ 1.480,00",UN,Intelbras,,
-MYdvW-p6omTf5bd4c_X,GRAVADOR DIGITAL MHDX 16CH INTELBRAS ,,,BRL,"R$ 850,00",25%,,"R$ 1.133,33",UN,Intelbras ,,
-MYdw-5zw8YCmGhHemZj,CAMERA INFRAVERMELHO BULLET 20M,,,BRL,"R$ 138,00",35%,"53,85%","R$ 212,31",UN,,,
-MYdwhVlrdVLjTEo6URl,CONVERSOR VÍDEO BALUN,,,BRL,"R$ 35,00",35%,"53,86%","R$ 53,85",UN,INTELBRAS ,,
-MYeMN8OwB837moTGOMA,Gravador Digital Imagens 16ch com HD 3TB,,,BRL,"R$1.600,00",25%,,"R$2.133,33",UN,INTELBRAS,,
-MYeMgYoQpT9Z5l9ySIJ,Cabo UTP CAT5E 100% Cobre 305 metros,CONDUTTI,,BRL,"R$ 590,00",35%,"53,85%","R$ 907,69",pç,SOHO,,
-MYeNKoJQhce_IhOlIKg,Caixa Organizadora DVR 16CH,,,BRL,"R$170,00",25%,,"R$226,67",UN,,,
-MYeOq-HmBKA3GtZOpDM,Grade Proteção Câmera Tam. M,,,BRL,"R$35,00",25%,,"R$46,67",UN,,,
-MYfofk8RQj9Yxk4O12u,Kit Cerca Concertina de chumbar ,,,BRL,"R$ 150,00",25%,,"R$ 200,00",kit,,,
-MYfp8OHhAKT2KQh_PfN,Haste Chumbar para Concertina 30cm. ,,,BRL,"R$ 17,00",25%,,"R$ 22,67",UN,,,
-MYfpY1c_v6Df5Q8VzmN,Placa advertência Concertina. ,,,BRL,"R$ 7,00",25%,,"R$ 9,33",UN,,,
-MYfqkIbSbdJcvEDrDqH,Cimento Cinza Pcote com 1Kg,,,BRL,"R$ 5,60",30%,,"R$ 8,00",Kg,,,
-MYfr8gBFH3hBO4XYLxW,Areia Lavada Pacote Com 1Kg. ,,,BRL,"R$ 3,80",30%,,"R$ 5,43",kg,,,
-MYfuQ1PomTNYb72HnZS,Central Choque 5002,,,BRL,"R$ 196,00",25%,,"R$ 261,33",UN,Intelbras ,,
-MYfu_OalTOTMOXBjSfC,Bateria12v 7amp,,,BRL,"R$ 110,00",35%,"53,85%","R$ 169,23",UN,,,
-MYfus5rZ0SXBI0Xx2ea,Placa advertência Cerca Elétrica ,,,BRL,"R$ 3,60",25%,,"R$ 4,80",UN,,,
-MYfvENGf2JwGb6onNGJ,Haste BIG Industrial Passagem alumínio 25x25 1M,,,BRL,"R$ 18,00",25%,,"R$ 24,00",UN,,,
-MYfvXe_JbfQAKb1tnGZ,Haste BIG Industrial 12 esticadores alumínio 25x25 1M. ,,,BRL,"R$ 22,00",25%,,"R$ 29,33",UN,,,
-MYfvqLjcQn6FRfjN2bi,Fio de aço inox 0.90mm bobina 100M,,,BRL,"R$ 58,00",25%,,"R$ 77,33",UN,,,
-MYfw7N8TG0mCuZJjX7m,Cabo de Alta Isolação 1mm,,,BRL,"R$ 1,70",25%,,"R$ 2,27",Metro,,,
-MYuDGfn0LSI9pZFI-1V,Conector RJ45 Macho. ,,,BRL,"R$ 3,20",60%,150%,"R$ 8,00",UN,Furukawa ,,
-MbBfRmBFqsfsQqGhXnI,CABO COMUNICAÇÃO 50x8 VIAS 100% COBRE NU,,,BRL,"R$ 13,00",35%,"53,85%","R$ 20,00",Metro,Furukawa ,,
-MbBfc9YeUa0hqw8ytpX,CONECTOR EMENDA GEL,,,BRL,"R$ 3,90",60%,150%,"R$ 9,75",UN,CONNECT,,
-McvHXmMsq2Yw1zgya4z,ACIONADOR FECHADURA ELETRICA ,,,BRL,"R$ 50,00",60%,150%,"R$ 125,00",UN,AGL,,
-MdcadhYf0yJ367exgae,CAMERA DE TV P/ SIST. DE SEG .VHL 1120 BULLET,,,BRL,"R$ 145,00",35%,"53,85%","R$ 223,08",UN,INTELBRAS ,,
-Mdcav76r_O-6w3z4CCN,CÂMERA DE TV P/ SIST. DE SEG .VHL 1120 DOME,,,BRL,"R$ 101,67",30%,,"R$ 145,24",UN,INTELBRAS ,,
-Mdcb5i_09o4oYd425VJ,"CONVERSOR AC/DC 12,8V 3A - EF 1203 (blindada)",,,BRL,"R$ 129,80",35%,"53,84%","R$ 199,69",UN,INTELBRAS ,,
-MdcbEw4MPwzDZsQ24cc,"CONVERSOR AUT AC/DC 12,8V 3A - EFM 1203 (comeia)",,,BRL,"R$ 145,90",35%,"53,85%","R$ 224,46",UN,INTELBRAS ,,
-MdcbShP6XYzHBEdeUll,TRANSFORMADOR BALUN PASSIVO DE VIDEO VB 500 PAR,,,BRL,"R$ 19,81",35%,,"R$ 30,48",PAR,INTELBRAS ,,
-MdcdI2laq2CDyksQoyD,GRAVADOR DIGITAL DE VIDEO MHDX 1104 C/ HD 1TB,,,BRL,"R$ 767,40",30%,,"R$ 1.096,29",UN,INTELBRAS ,,
-Mf7kOd3coAXRjZjalJl,MÓDULO GUARITA MG3000 NICE,,,BRL,"R$ 750,00",38%,,"R$ 1.209,68",UN,NICE,,
-MgMXYKdBveib8JvmuCL,KIT MOTOR DESLIZANTE JET FLEX 1/3 CP 600K ,,,BRL,"R$ 863,00",35%,,"R$ 1.327,69",kIT,PPA,,
-MgeQGnPw0AGDrN3O9FU,TRANSMISSOR ZAP 433MHZ PPA,,,BRL,"R$ 35,00",35%,"53,86%","R$ 53,85",UN,PPA,,
-MgfZ8_UrKlmBK5G3w8Z,MOTOR DESLIZANTE ANALÓGICO ,,,BRL,"R$ 320,00",35%,,"R$ 492,31",UN,PPA,,
-MgfZYhs05TiN00Zwocd,MOTOR DESLIZANTE SUPER RÁPIDO 350,,,BRL,"R$ 530,00",30%,,"R$ 757,14",UN,PPA,,
-MgfZrEbc93hjKx65u3j,HASTE ATERRAMENTO 2 METROS COM CONECTOR,,,BRL,"R$ 45,00",35%,,"R$ 69,23",UN,DIVERSO.,,
-MhVBs6XtdsBXTYnN4mH,SUPORTE FERRO SENSOR BARREIRA/ANTICOLISÃO 60CM.,,,BRL,"R$91,50",25%,,"R$122,00",UN,SEGTECH,,
-MhVCmg54RUQyxQ8oHUC,SENSOR FOTOCÉLULA ANTIESMAGAMENTO F10,,,BRL,"R$186,00",25%,,"R$248,00",UN,PPA,,
-MhVDOd9vO22N1IYzO3A,RECEPTOR XAR 3060 SISTEMA INTERTRAVAMENTO ,,,BRL,"R$129,00",25%,,"R$172,00",UN,INTELBRAS,,
-MhVEgfST-tgR6_XVz9T,SENSOR RELÉ FIM DE CURSO,,,BRL,"R$18,00",25%,,"R$24,00",PAR,UNIVERSAL,,
-MhVF8TShF-H_onACVgc,CABO 6X50MM COBRE NU,,,BRL,"R$ 3,90",60%,150%,"R$ 9,75",METRO,CONDUTTI,,
-MhVGGaElb_MOZcgTcV6,"MANGUEIRA CRISTAL 1/2 1,8MM",,,BRL,"R$4,80",25%,,"R$6,40",METRO,SPAZIO,,
-MhVIlxyyMTI7veGU4P2,CANALETA SISTEMA X 20X10X2000MM,,,BRL,"R$ 14,00",35%,"53,86%","R$ 21,54",UN,PIAL LEGRAND,,
-MhnqpCizlw6P12GET6F,PROTETOR DE REDE COM FILTRO,,,BRL,"R$ 120,00",35%,,"R$ 184,62",UN,PPA,,
-MhnrDZI46KaK5l0ik1H,AUTOMATIZADOR DZ RIO 1/4 ANALOGICO PPA,,,BRL,"R$ 350,00",35%,"53,85%","R$ 538,46",UN,PPA,,
-Mj6xMxEa-L_Iq7yiMii,BLOCO BARGOA 10,,,BRL,"R$17,00",30%,,"R$24,29",UN,,,
-Mj6xWgBdMg_tuZY7-Qi,SUPORTE BLOCO BARGOA,,,BRL,"R$12,00",30%,,"R$17,14",UN,,,
-Mj6yFENNw8OjShDAgAV,Caixa Hermética Multiuso 15 x 20 x 8 cm - ,,,BRL,"R$ 36,00",35%,"53,83%","R$ 55,38",UN,,,
-MjzeLyMoOQNk2aoYVdl,CABO COAXIAL CRISTAL 90% COBRE NU PC 100M,,,BRL,"R$ 250,00",35%,"53,85%","R$ 384,62",PC,CONDUTTI ,,
-Mjzebl_JIoaE7yt-7kI,FITA ADESIVA SILVER 3M,,,BRL,"R$ 45,00",35%,,"R$ 69,23",UN,3M,,
-MlKJNbZCIEgQPNBigzR,PORTEIRO ELETRÔNICO ALIMENTAÇÃO INTERNA,,,BRL,"R$ 180,00",30%,,"R$ 257,14",UN,INTELBRAS ,,
-MlL6oAf-hOb0DJoLBHr,CORREIA DE TRAÇÃO MOTOR PECCININ SUPER FLASH ,,,BRL,"R$ 22,00",35%,,"R$ 33,85",UN,PECCININ,,
-MltZH8HZfJQeW6L9adP,Microfone direcional ,,,BRL,"R$ 48,00",35%,,"R$ 73,85",UN,Intelbras ,,
-MnQshZ2za9MC6n63hoV,PATCHCORD CAT5 COM CONECTOR 10M SOHO 100% COBRE NU.,,,BRL,"R$ 3,20","-6,67%",,"R$ 3,00",METRO,FURUKAWA,,
-MnSzXBl1zoRy8zV2BC_,"CREMALHEIRA ALUMÍNIO BRANCO 1,5 MERTRO",,,BRL,"R$ 58,00","38,95%","63,79%","R$ 95,00",UN,GILTECH,,
-MooKRQntKlo9OL53LGO,Botoeira NA/NF 1 botão ,,,BRL,"R$ 17,00",45%,,"R$ 30,91",UN,GETECH,,
-MooKrnA66QgzxtGbegB,CONVERSOR AUTOMÁTICO 12V/2AMP,EF 1202,,BRL,"R$ 72,90",35%,"53,84%","R$ 112,15",UN,FG,,
-Mp7iWmfvOH3UtzjVXOD,Sensor Ativo Barreira 15m,,,BRL,"R$ 130,00",46%,,"R$ 240,74",Pç,JFL,,
-MplCmcWErZ5G46dMAS3,Abracadeira de NYLON 20cmx100un,Pacote com 100 unidades,,BRL,,,,"R$ 32,50",un.,,,
-MplDeglpMP1plurmrqb,Tomada Telefone RJ11 Femea,LEGRAND,,BRL,,,,"R$ 8,60",un.,,,
-MplEUCEJmJ0pWQnnl55,Placa 32 Ramais Desbalanceados P/ Cp 192 E Cp 352 Intelbras,Central Interfone Intelbras ,,BRL,"R$ 411,90",35%,"53,85%","R$ 633,69",un.,,,
-MuBGXrD5_XceyYbozzq,Kit Motor Deslizante Condominium Ppa 1/2hp 6 Mt Crema 2 Zap,CICLOS ABERTURA FECHAMENTO 80 CPH.,,BRL,,,,"R$ 2.300,00",un.,,,
-MuBH9cqLu40EDdZ6bcV,Kit Motor Portão Deslizante Ppa Dz 800 Condominium Jetflex.,80 Ciclos abertura fechamento hora. ,,BRL,,,,"R$ 1.980,00",un.,,,
-MuBgOZzUR_0MXJ0HSp2,Motor dz ind.1500 jet flex facility,Auto fluxo. ,,BRL,,,,"R$ 3.180,00",,,,
-MuBgj9u64gJC8ZwI2zo,Motor dz ind.1500 jet flex facility,,,BRL,,,,"R$ 3.180,00",un.,,,
-MwbKtTw1dukQDQ7fQgf,Extensor Hdmi 60metros 3d Cat5/cat6 Via Cabo Rede Rj45 1080p,Com Fonte Alimentação.,,BRL,,,,"R$ 256,00",un.,,,
-MxFQpSzSkVWzK4XRjr8,"CREMALHEIRA COM CANTONEIRA EM FERRO 1,47M (LINHA LEVE )",,,BRL,"R$ 25,00","67,95%",212%,"R$ 78,00",un.,GILTAR,,
-MxFRoVOSCLJlFi-oeBN, DZ RIO 500 JET FLEX FACILITY HIBRIDA BIVOLT 60HZ(,Com 2 Controles Remotos ,,BRL,"R$ 680,00",50%,100%,"R$ 1.360,00",,PPA,,
-MxF_3yN55_BwWXhR23c,MODULO PRF 220V COM FILTRO,,,BRL,"R$ 140,00",50%,100%,"R$ 280,00",,PPA,,
-N-2XwD9dt1slwnwBwV1,OPCIONAL 8 FUNÇÕES IC (COM CAIXA) GAREN,,,BRL,"R$ 46,00","53,35%","114,35%","R$ 98,60",un.,GAREN,,
-N-2Y98P7Yv3dsQ_vVRq,SINALEIRA SOLCON PRETA,220v,,BRL,"R$ 151,60","40,94%","69,33%","R$ 256,70",un.,SOLCON,,
-N-2Z6ZWSD788541w7rW,SINALEIRA AUDIO VISUAL BIVOLT AUTOMÁTICA IPEC,,,BRL,"R$ 110,07","48,03%","92,42%","R$ 211,80",un.,,,
-N-2_4FPyWWyh_HnH08-,FIO PARALELO 2X2.5 SIL,100% COBRE NU,,BRL,"R$ 3,50","46,15%","85,71%","R$ 6,50",m,,,
-N-T_-Ek-7UxbMoAbwjf,CENTRAL DE PORTARIA 192 BASICA - CP192 (SEM RAMAIS/SERV) C/EMB,INTELBRAS,,BRL,"R$ 2.100,00",35%,"53,85%","R$ 3.230,77",un.,,,
-N-T_Ll5yQyuEfw0CiKQ,PLACA 16 RAMAIS DESBALANCEADOS CP48/CP112 (C/EMB),INTELBRAS,,BRL,"R$ 427,29",42%,"72,41%","R$ 736,71",,,,
-N-TcgXdGI6-y7UwiIo1,CENTRAL DE PORTARIA 192 BASICA - CP192 (SEM RAMAIS/SERV) C/EMB,INTELBRAS,,BRL,"R$ 1.858,00",35%,"53,85%","R$ 2.858,46",,,,
-N016jlbq9MjXuOc__F3,Mouse com fio MULTILASER,,,BRL,"R$ 17,00","55,26%","123,53%","R$ 38,00",un.,,,
-N0174d4KKjlVN4a9eny,CABO EXTENSOR USB 5 METROS,,,BRL,"R$ 89,00",35%,"53,84%","R$ 136,92",un.,,,
-N4coIkY8-GWJGF5dFTV,BASE DZ AEREA REG ZINC,,,BRL,"R$ 159,90",35%,"53,85%","R$ 246,00",,,,
-N4gP_P9f4vNECSpNiW0,CENTRAL DE COMANDO TRIFLEX FACILITY BIV,PPA,,BRL,,,,"R$ 759,00",un.,,,
-N4gQYwc7k5Mb3ofJ_pN,MODULO LUZ DE GARAGEM/SINALEIRA,,,BRL,,,,"R$ 65,00",,,,
-N69tXUmmB9tI272Op-9,CENTRAL COMUNIC 48 INTELBRAS,Sem Placa de Ramal,,BRL,"R$ 830,00",35%,"53,85%","R$ 1.276,92",,,,
-N69tqPgzXaibyuPX-A6,PLACA DE RAMAL 16 RAMAIS DESBALANCEADA,Intelbras ,,BRL,"R$ 150,00",35%,"53,85%","R$ 230,77",,,,
-N69vO49m0J22vQ9ZCh5,Modulo Isolador 430va Energy Lux,Não precisa aterramento,,BRL,"R$ 385,00",25%,"33,33%","R$ 513,33",,,,
-N6AB0uTMOs5M85n65mK,"
Prateleira com Suporte 40x20 cm MDP",Prat-K,,BRL,"R$ 45,00",60%,150%,"R$ 112,50",,,,
-N6hXt0yuMMM3j8LaZ6c,"Câmera Infravermelho Multi Hd Vhd 1220 D G6 Black 1080p 2,8m",Intelbras ,,BRL,"R$ 160,00",35%,"53,84%","R$ 246,15",,,,
-N7288lHfo-kG7amx_rV,BOBINA DUPLA PARA FECHADURA ELÉTRICA INTELBRAS ,,,BRL,,,,"R$ 95,00",un.,,,
-N9YKmzcUea5vP1sZeD9,Gravador Dig. de Video MHDX 1204 MANAUS,Full HD ,,BRL,"R$ 438,00",35%,"53,85%","R$ 673,85",,,,
-N9YL5ZmeUQ3ghnGRt1I,"DISCO RIGIDO SATA2 3,5"" 7200RPM 64MB 1000GB CFTV Western Dig",,,BRL,"R$ 372,00",35%,"53,85%","R$ 572,31",,,,
-N9YLJvjYSifFTrHrFI3,"CONVERSOR AUT AC/DC 12,8 V 5A - EF 1205",,,BRL,"R$ 149,75",35%,"53,84%","R$ 230,38",un.,,,
-N9YLik-ZIXvkncCA0Vq,CABO TRANCADO 4MMCEL (F) 75OHM MASTER NU CFTV BC CX0100M 2X26AWG,,,BRL,"R$ 89,00",35%,"53,84%","R$ 136,92",,,,
-N9YM3phV1Xeo3f7vns8,CONEX 1000 BNC MOLA - 10 UNIDADES,,,BRL,"R$ 30,00","69,39%","226,67%","R$ 98,00",,,,
-N9YMe_Y7oO06Nr6t-yC,CONECTOR P4 FEMEA BORNE,,,BRL,"R$ 6,00","38,78%","63,33%","R$ 9,80",,,,
-N9YMspV_ONcYmh5xGRL,CÂMERA DE TV P/ SIST. DE SEG. VHL 1120 BULLET,,,BRL,"R$ 112,00",35%,"53,85%","R$ 172,31",,,,
-N9YNZ396Gyu8RgDFgSf,Gravador Dig. de Video MHDX 3008 MANAUS,,,BRL,"R$ 750,00",35%,"53,85%","R$ 1.153,85",un.,,,
-NALWG9zjfICvYajcd2c,Central Dupla Rampa - Garen - 62pos - A00078,,,BRL,"R$ 210,00",50%,100%,"R$ 420,00",,,,
-NALWkuufPmV0pVX500R,Botoeira Fechadura Elétrica E Fecho Elétrico Com Fonte 12v,,,BRL,"R$ 90,00",50%,100%,"R$ 180,00",,,,
-NALXWYGMXNmwY8XGioa,Fonte Chaveada 12v 10a Para Camera De Segurança Intelbras ,,,BRL,"R$ 90,00",60%,150%,"R$ 225,00",,,,
-NAiDrcWntxDR6HLxy2U,Receptor Universal Xar 3060,Intelbras ,,BRL,"R$ 106,00",50%,100%,"R$ 212,00",,,,
-NDm_9ZppoIu6aLDAjBK,TERMINAL DEDICADO TDMI300,,,BRL,"R$ 46,00","38,67%","63,04%","R$ 75,00",,,,
-NDm_hYkx74jpioMu1Xc,CONTROLE REMOTO DIG RF 3TB AZ-10,,,BRL,"R$ 32,00","62,35%","165,63%","R$ 85,00",,,,
-NDm_w1nfNKc9BRxDhlM,CONT. REMOTO DIG. RF ROLL. CODE TX4R 4.0 PR V2,,,BRL,"R$ 35,00",60%,150%,"R$ 87,50",,,,
-NDma84XW8ifMWEhU6Mv,CENTRAL DUPLA RAMP 62POS GAREN,,,BRL,"R$ 242,00","42,38%","73,55%","R$ 420,00",,,,
-NDmahZE0tQs2WKsY_OC,VENTOINHA DO MOTOR (REV.08),,,BRL,"R$ 6,00",60%,150%,"R$ 15,00",,,,
-NDmb-ZQTUuSi1E4QvTL,FECHADURA DE ACO 1/2” ROSCA C/ PORCA,SEXTAVADA E 02 CHAVES,,BRL,"R$ 33,00","63,29%","172,42%","R$ 89,90",,,,
-NDmb9I0LgqzyStcBf6q,LINGUETA FECHADURA DESTRAVAMENTO,,,BRL,"R$ 3,00",75%,300%,"R$ 12,00",,,,
-NDmbRPv1yKg0-RhWhci,DZ 1300 IND JET FLEX FACILITY SP HIBRIDA,S/ CREMALHEIRA,,BRL,"R$ 1.600,00","38,44%","62,44%","R$ 2.599,00",,,,
-NDmbbu2o0BVHjhIEI0n,FOTOCELULA F30,,,BRL,"R$ 76,00","59,14%","144,74%","R$ 186,00",,,,
-NDmboqOds03EVRTsfqS,TELEFONE GONDOLA TC20 CZ ARTICO,,,BRL,"R$ 43,00","42,67%","74,42%","R$ 75,00",,,,
-NDmc3sJF6zrvvNf8cNI,CAIXA PLASTICA DE PASSAGEM VBOX 1100,,,BRL,"R$ 16,00",35%,"53,88%","R$ 24,62",un.,,,
-NDmcG6k6vpbMqn-FA5R,CAIXA ORGANIZADORA MEDIA STILUS BRANCA,,,BRL,"R$ 38,00",35%,"53,84%","R$ 58,46",un.,,,
-NDmcc2tgr1GYIZB3nFm,"CABO PAR TRANCADO 0,51MM BRANCO 300M (4P COBREADO REDE)",,,BRL,"R$ 580,00",35%,"53,85%","R$ 892,31",un.,,,
-NDmdUOOO3aZrxYMLkIe,TRANSFORMADOR BALUN PASSIVO DE VIDEO VB500 P G2 (01 PAR),,,BRL,"R$ 21,50","53,26%","113,95%","R$ 46,00",,,,
-NDmp5X9p5RrXav8t_4n,Dvr Hikvision 32 Canais 5x1 1080p Fullhd Ds-7232hqhi-k2,,,BRL,"R$ 2.600,00",45%,"81,82%","R$ 4.727,27",un.,,,
-NDmtF0oMi6IkEGJ3qam,Módulo 8 Funções Trava Sinaleiro Seg Garen 8f - 2 Canais,GAREN ,,BRL,"R$ 75,00",55%,"122,23%","R$ 166,67",un.,,,
-NEplqhgM0M6v2Nz-5fe,GRAVADOR DIGITAL IMHDX 3132,Com HD 4TB Intelbras ,,BRL,"R$ 3.800,00",35%,"53,85%","R$ 5.846,15",un.,,,
-NGbqL9pQ75j_9AUIHPa,CENTRAL ELETR CP4000 V4 (V.A.) (PECCININ),,,BRL,"R$ 246,00",45%,"81,82%","R$ 447,27",un.,PECCININ,,
-NGbqbkE4dLnoZVVZXjP,CONJUNTO FIM DE CURSO DZ PE 3 VIAS,,,BRL,"R$ 14,00","74,55%","292,86%","R$ 55,00",un.,,,
-NGbqqoCKwNGtuUo7Yr-,CAPACITOR DE 20UF/250VAC,,,BRL,"R$ 18,00",60%,150%,"R$ 45,00",un.,,,
-NHBJc1l47KSZ58IBRgh,HASTE ALUMINIO QUAD. LISA 25X25 C/6 ISOL,,,BRL,"R$ 22,00",50%,100%,"R$ 44,00",un.,,,
-NHBK-YJocDJoylSQKHh,"HASTE ALUM QUADRADA 25X25 1,00M C/ 12 ISOL -
CONFISEG",,,BRL,"R$ 24,60",50%,100%,"R$ 49,20",un.,,,
-NHBKTw7lDqoMqonGmXm,"BOBINA FIO DE ACO INOX 0,90MM 1,000KG 180MTS ",,,BRL,"R$ 70,00",35%,"53,84%","R$ 107,69",un.,,,
-NHBKncXCLRTHifU3zKr,PLACA ADVERTENCIA P/ CERCA ELETRICA,,,BRL,"R$ 2,70","65,82%","192,59%","R$ 7,90",un.,,,
-NHBL3qorC141n5NL4U3,PLACA ADVERTENCIA P/ CERCA CONCERTINA,,,BRL,"R$ 3,80",50%,100%,"R$ 7,60",un.,,,
-NHBLvuNPsPjXaA6R_Du,"CONCERTINA KIT DE CHUMBAR COMPLETO 10M X
 315MM EM ACO VANSEG",,,BRL,"R$ 190,00",60%,150%,"R$ 475,00",un.,,,
-NHZclT6WQLSp4ghRk9k,Camra de tv p/ sist. seg. vhd 1220 bullet full color,,,BRL,"R$ 160,00",35%,"53,84%","R$ 246,15",un.,,,
-NHlcNEsHNb7ZpnyP5G5,MODULADOR AGIL VHF/UHF/CATV/CFTV G2 (PRO),,,BRL,"R$ 230,00",35%,"53,85%","R$ 353,85",un.,,,
-NHlcZuENbHnC9xcHHmL,CONTROLE REMOTO DIG RF 3TB NICE AZ-10 (HCS),,,BRL,"R$ 40,00","52,94%","112,5%","R$ 85,00",un.,,,
-NIsAAShfUxgbaCtMuzq,Cabo De Rede Cat6 10 Metros Ethernet Lan Giga 10/1000 ,Blindado 100% cobre.,,BRL,"R$ 98,00",35%,"53,85%","R$ 150,77",m,,,
-NIsB6EhlfXyDswgKRjO,Switch Intelbras SG 800 Q+,,,BRL,"R$ 199,00",25%,"33,33%","R$ 265,33",,,,
-NJ5OFjmN2c4gSX76q6d,TERNINAL DEDICADO PORTEIRO XPE1001 PLUS INTELBRAS,,,BRL,"R$ 379,90",35%,"53,85%","R$ 584,46",un.,,,
-NJA8sKNFydM0X1EDl-P,Fechadura Eletroimã Intelbras Fe 20150 Prata Sem Sensor,,,BRL,,,,"R$ 402,86",,,,
-NJLv5ftIl3N_WPApBYh,TELEFONE SEM FIO TS 2510,,,BRL,"R$ 126,25",35%,"53,85%","R$ 194,23",,,,
-NJzFjYu2V3LYj_HlJnU,REED DZ COM CONECTOR,,,BRL,"R$ 23,45",50%,100%,"R$ 46,90",un.,,,
-NJzG3J1Zb8adkqpjsvo,SUPORTE DO IMÃ DZ COMPLETO,,,BRL,"R$ 8,50",50%,100%,"R$ 17,00",un.,,,
-NKOMamucYBq7R4Mr8Ni,MOTOR KDZ SPEED 1/3 500kg 30 CICLOS.,GAREN,,BRL,"R$ 554,34",25%,"33,33%","R$ 739,12",un.,,,
-NLLGycKIHORVrxwBuKW,Kit engrenagem interna,EURO JET FLEX PPA,,BRL,,,,"R$ 560,00",un.,,,
-NLLHEI74VtGv9TOmo5c,Engrenagem Externa Z16,PPA,,BRL,,,,"R$ 62,47",un.,,,
-NLLHlCCSCdI220SoiSw,Kit Rolamento com Bucha do Eixo do Motor,PPA,,BRL,,,,"R$ 49,99",un.,,,
-NLLI4Moho8lsPFNP-_K,Base do Motor EURO PPA,,,BRL,,,,"R$ 79,60",un.,,,
-NRIFQmy2qnCJ9AUucwt,TERMINAL DEDICADO PORTEIRO XPE 1013 PLUS,INTELBRAS,,BRL,"R$ 410,00",35%,"53,85%","R$ 630,77",un.,,,
-NRIFioNxqSGdNwvufgv,CONTROLADOR DE ACESSO DIGIPROX SA202,INTELBRAS,,BRL,"R$ 210,00",35%,"53,85%","R$ 323,08",un.,,,
-NRIGDf5IUU3vov-oOnX,FONTE DE ALIMENTAÇÃO FA 1220S,INTELBRAS,,BRL,"R$ 154,00",25%,"33,33%","R$ 205,33",,,,
-NRIH-vZNcdCyepRaFoX,NOBREAK XNV 600VA - 220V,INTELBRAS,,BRL,"R$ 349,50",25%,"33,33%","R$ 466,00",un.,,,
-NRbgvvsgd1P96mlHcTz,Kit Dispositivo indicador Puxe / Empurre.,PPA,,BRL,"R$ 99,00",35%,"53,85%","R$ 152,31",un.,,,
-NRsQZE1HHS75wm-OhYq,Tp 2000 Terminal De Portaria Intelbras Com Viva-voz,,,BRL,"R$ 190,00",25%,"33,33%","R$ 253,33",un.,,,
-NSrAnDExqBjsaggthri,Monofone Interfone Terminal Dedicado Comunicacao Td-1000 Jfl,,,BRL,"R$ 65,00",34%,"51,51%","R$ 98,48",un.,,,
-NTUrPHVJYjpMJv33jaK,REPOSIÇÃO CARENAGEM MOTOR DESL SUPER PECCININ ,,,BRL,"R$ 79,00",50%,100%,"R$ 158,00",un.,,,
-NUwGULmxSyvfg0fnAW_,HD 4TB WD40PURZ - WESTERN DIGITAL PURPLE,,,BRL,"R$ 900,00",35%,"53,85%","R$ 1.384,62",un.,,,
-NWljADGg8vzzvZJpUkf,"Receptor de Controle XRE 1000 PLUS Receptor de Controle XRE 1000 PLUS
",,,BRL,"R$ 314,00",35%,"53,85%","R$ 483,08",un.,,,
-NWljY75I6Z9prk4OGSq,SENSOR ATIVO IVA 5080 AT,,,BRL,"R$ 230,00",35%,"53,85%","R$ 353,85",un.,,,
-NWljsjMAKGBkRoFCFor,Gravador Dig. de Video MHDX 3016-C,,,BRL,"R$ 1.356,00",35%,"53,85%","R$ 2.086,15",un.,,,
-NWlkRZseZV0Ne4TrEC1,CÂMERA DE TV P/ SIST. DE SEG. VHL 1220 DOME,,,BRL,"R$ 132,00",35%,"53,85%","R$ 203,08",un.,,,
-NWlkbU2SD0usIsZRqRu,CÂMERA DE TV P/ SIST. DE SEG. VHL 1220 BULLET,,,BRL,"R$ 137,00",35%,"53,85%","R$ 210,77",un.,,,
-NWlknjMAuEUWu6JQM5a,SWITCH NAO GERENCIAVEL 8P SG 800 Q+ CKD,,,BRL,"R$ 177,00",35%,"53,85%","R$ 272,31",un.,,,
-NWllOmboEe21FeeW7Ep,"CHAVEIRO ACIONADO POR APROXIMAÇÃO RFID 13,56MHz -TH 1000 MF",,,BRL,"R$ 5,00",80%,400%,"R$ 25,00",un.,,,
-NWllZ7Hz3vCYeKahPmW,SENSOR PASSIVO SEM FIO IVP 8000 PET,,,BRL,"R$ 171,00",35%,"53,85%","R$ 263,08",un.,,,
-NWllhFkJ1Y50-dvknqN,SIRENE SEM FIO XSS 8000,,,BRL,"R$ 226,00",35%,"53,85%","R$ 347,69",un.,,,
-NWllqv9BOHJdKq4124A,TECLADO SEM FIO PARA CENTRAIS DE ALARME XAT 8000,,,BRL,"R$ 308,00",35%,"53,85%","R$ 473,85",un.,,,
-NWlm-SNbG6lqQh0hkqe,CENTRAL DE ALARME SEM FIO CONTRA ROUBO INTELBRAS AMT 8000,,,BRL,"R$ 580,00",35%,"53,85%","R$ 892,31",un.,,,
-NWlmAVTb8gzftuAaF_M,SENSOR ATIVO IVA 7100 DUAL,,,BRL,"R$ 253,00",35%,"53,85%","R$ 389,23",un.,,,
-NWlmMz36aYafFR-G0N7,SENSOR MAGNETICO SEM FIO XAS 8000,,,BRL,"R$ 110,00",35%,"53,85%","R$ 169,23",un.,,,
-NWlmZlkf36jZk3kZk6x,SENSOR DE MOVIMENTO INFRAVERMELHO PASSIVO SEM FIO IVP 8000 EX,,,BRL,"R$ 367,00",35%,"53,85%","R$ 564,62",un.,,,
-NWlmj-8g5iQZg1gbSH6,SENSOR PASSIVO SEM FIO IVP 8000 PET CAM,,,BRL,"R$ 498,00",35%,"53,85%","R$ 766,15",un.,,,
-NXLuOIvpOj4FryJI4j-,CENTRAL SIMP CONTATORA IND 433MHZ GAREN,PLACA ORIGINAL GAREN ,,BRL,"R$ 530,00",35%,"53,85%","R$ 815,38",un.,,,
-NavuSP_i1rsERq-zQfJ,INDUZIDO DE 1/2 DZ HUB 30MM,,,BRL,"R$ 59,95",50%,100%,"R$ 119,90",un.,,,
-NfkdjFe_0qjXhdPwxcR,OUTDOOR CPE 8DBI,Intelbras ,,BRL,"R$ 266,00",50%,100%,"R$ 532,00",,,,
-Nfke16z1R8ls3uNp193,"CAMERA IP DOME, 2MP, POE PST-CIP-D102-P",Intelbras ,,BRL,"R$ 225,00",50%,100%,"R$ 450,00",,,,
-NfkeGamc5vPe59mAMt5,SWITCH 10/100MBPS NAO GER 8 PORTAS,Intelbras ,,BRL,"R$ 68,00",50%,100%,"R$ 136,00",,,,
-Nfq7-1bUwVGzFzfbxtf,Nobreak para portao automatico GNB 1500VA-220V,Intelbras,,BRL,"R$ 1.154,00",25%,"33,33%","R$ 1.538,67",,,,
-Ni58WzgU_kJULNrSysW,ROTEADOR / ACCESS POINT AP 360,Intelbras ,,BRL,"R$ 470,00",25%,"33,33%","R$ 626,67",un.,,,
-NiZo4f1kvtCVADYbT9Z,AP 3000 AX,,,BRL,"R$ 1.000,00","25,93%",35%,"R$ 1.350,00",un.,,,
-NlPhkziWs_ZXGBKv9qy,GRAVADOR DIG. DE IMAGEM NVD 3116,Intelbras ,,BRL,"R$ 1.850,00",50%,100%,"R$ 3.700,00",un.,,,
-NlPi9kFWXYXoQ0_qeId,GRAVADOR DIG. DE IMAGEM NVD 3116P,Intelbras ,,BRL,"R$ 2.700,00",50%,100%,"R$ 5.400,00",un.,,,
-NlPiTiBXZUk9qas0qeZ,DISCO RÍGIDO 6TB WD PURP,Intelbras ,,BRL,"R$ 1.263,00",35%,"53,85%","R$ 1.943,08",un.,,,
-NlPiwAZjXa5bjFFHL1_,SWITCH NÃO GERENCIÁVEL 8P SG 800 Q+ CKD,Intelbras ,,BRL,"R$ 180,00",50%,100%,"R$ 360,00",un.,,,
-NlPjUH2-ATmpFJwcVSM,SWITCH 16P FAST POE 2P GIGA 1P SFP COMBO SF 1821 POE,Intelbras,,BRL,"R$ 870,00",50%,100%,"R$ 1.740,00",un.,,,
-NlPjwD374S1YgSCw8au,CÂMERA DE VÍDEO IP DOME VIP 3230 D SL G3,Intelbras,,BRL,"R$ 570,00",50%,100%,"R$ 1.140,00",un.,,,
-NlPkDgICC-s0dXwUvQk,CÂMERA DE VÍDEO IP BULLET VIP 3230 B SL G3,,,BRL,"R$ 570,00",50%,100%,"R$ 1.140,00",un.,,,
-NmlZJN2CdAdmsRjJDJR,CONTROLE REMOTO DIG. PPA,,,BRL,"R$ 15,00","81,25%","433,33%","R$ 80,00",un.,,,
-NoqsrDvTTZbyOLS_aSp,PLACA INVERSOR TRIFLEX CONNECT BRUSHLESS 60HZ,PPA ,,BRL,"R$ 610,00",35%,"53,85%","R$ 938,46",,,,
-NsU7RUEEO732H_ovb0l,ANTENA LINEAR TV DIGITAL UHF SUPER BLACK,PROELETRONIC,,BRL,"R$ 48,00",60%,150%,"R$ 120,00",un.,,,
-NsU7xLwhHIZl6gUjw4G,"TUBO 2M 3/4"" GALVANIZADO",,,BRL,"R$ 50,00",60%,150%,"R$ 125,00",,,,
-NsU8RILmY4Q06_GSeqh,"SUPORTE MINE TORRE GALVANIZADO 3/4""",,,BRL,"R$ 82,00",60%,150%,"R$ 205,00",,,,
-NsUaAk2vQVWRgd1SRjT,CAMERA DE VIDEO WI-FI FULL HD IM4 C COM CARTÃO 32GB,INCLUSO A INSTALAÇÃO E CONFIGURAÇÃO.,,BRL,"R$ 292,00",40%,"66,67%","R$ 486,67",un.,INTELBRAS ,,
-NsYp43aoUkvP3wtGFUl,ROLDANA DE AÇO 50MM COM ROLAMENTO,,,BRL,"R$ 58,00",25%,"33,33%","R$ 77,33",un.,,,
-NtQirSGgQucM5KVqP3b,VIDEOPORTEIRO WI-FI ALLO W3+,,,BRL,"R$ 600,00",35%,"53,85%","R$ 923,08",,,,
-NtQj120fKOAjC422ARx,"CONVERSOR AUT AC/DC 12,8V 1A - EF 1201L",,,BRL,"R$ 52,96",35%,"53,85%","R$ 81,48",,,,
-NtQjC7fy2t5PJVT-KRw,CAMERA DE VIDEO WI-FI FULL HD iMX C C/ MICRO SD 32G,,,BRL,"R$ 250,00",40%,"66,67%","R$ 416,67",,,,
-NuA_0XYCmZyty-ANN0z,"Campainha Eletrônica com Fio Modular 1 Toque Ding Dong 220V
",,,BRL,"R$ 40,00",35%,"53,85%","R$ 61,54",un.,,,
-NuAa7Et-YyYbmal5Nlt,"Eletroduto Flexível Corrugado PVC DN 20 mm 1/2"" x 7m Amarelo - Amanco",,,BRL,"R$ 2,50",60%,150%,"R$ 6,25",m,,,
-NuAcL3xXg5FT8cSUa8f,Conjunto Pulsador Campainha e Minuteira 1 Módulo 2A - Branco - Sistema X,,,BRL,"R$ 38,00",35%,"53,84%","R$ 58,46",un.,,,
-NuAdx05piNgF4105T1_,"Cabo Pp Flexível 2x2,50 Mm Rolo 100mts - Preto
",,,BRL,"R$ 460,00",35%,"53,85%","R$ 707,69",m,,,
-NuAe_d1sxyBL3KrkBaT,"Fio/Cabo Flexível Antichamas Flexsil 2,50 mm Rolo com 100 m 450/750V
",,,BRL,"R$ 185,00",35%,"53,85%","R$ 284,62",m,,,
-NuAf8FtJ-3hO94C66Ww,Abraçadeira de Nylon Clamp 50 Unidades C2 Branca,,,BRL,"R$ 8,50",60%,150%,"R$ 21,25",,,,
-NuAg3mNYIyfvQTmM2ai,"Fio Cabo Pp Flexível 2 Vias 2,50mm Extensão 1 Metro
",,,BRL,"R$ 7,20",35%,"53,89%","R$ 11,08",m,,,
-NuAhidiA9UyHy2C-XEv,Kit Campainha Cigarra com Fio Conjunto Montado 1 Toque Cigarra 220V Branca Zeffia - Legrand,,,BRL,"R$ 38,00",35%,"53,84%","R$ 58,46",un.,,,
-Nyg5yVu3kV3eXvjMO4b,Porca acionadora passo 30 1/2 3 entradas Garen,,,BRL,"R$ 30,00",50%,100%,"R$ 60,00",un.,,,
-O-4ES-_i99Zwn2Xrowa,Conjunto 2 Roteador Wireless (cpe) 5ghz 16dbi - Wom 5a Mimo,,,BRL,"R$ 900,00",25%,"33,33%","R$ 1.200,00",un.,,,
-O-4EwG2rcfodEaRa4BN,Câmera De Segurança Vlp 1230d Ip67 Full Hd 1080p Intelbras,,,BRL,"R$ 190,00",25%,"33,33%","R$ 253,33",un.,,,
-O0JZTMBESDvgfy-Rnqq,IDFACEPRO/FP/A,,,BRL,"R$ 1.800,00",25%,"33,33%","R$ 2.400,00",un.,,,
-O0JZq5vnV7I0AnTYQ-f,CHAVEIRO DE ACIONAMENTO POR APROX MIFARE,,,BRL,"R$ 5,00",25%,"33,4%","R$ 6,67",un.,,,
-O0J_8MzSRLFeSPShTBu,FONTE ELETRONICA 12V X 5A PRETA,,,BRL,"R$ 98,90",35%,"53,84%","R$ 152,15",un.,,,
-O0ia1WiDrvqPV9GHv9l,MICROCONTROLADOR GRAVADO XMC1402F064X,PPA,,BRL,"R$ 29,90",0%,0%,"R$ 29,90",un.,,,
-O0nNl9gmBRjUCh839pq,Mola Aérea Portão Alumínio ,Preta,,BRL,"R$ 160,00",25%,"33,33%","R$ 213,33",,,,
-O1IlOd4KNUh-4BmVbJT,CAMERA DE TV BULLET VIP 1220 B FULL COLOR G4,Intelbras,,BRL,"R$ 320,50","39,53%","65,37%","R$ 530,00",,,,
-O1InomL8pHJsgubisyu, GRAVADOR DIG.DE VIDEO MHDX 1104-C C/SSD 512GB,Intelbras,,BRL,"R$ 623,00",35%,"53,85%","R$ 958,46",un.,,,
-O1Io4UrWKI8BclL5CrW,CENTRAL DE ALARME CONTRA ROUBO INTELBRAS ANM 24 NET,Intelbras,,BRL,"R$ 290,00",35%,"53,84%","R$ 446,15",un.,,,
-O1IoK4ctSjAsg4YA5al, BATERIA ESTACIONARIA VRLA 12V ALARME,MOURA,,BRL,"R$ 85,00",35%,"53,85%","R$ 130,77",un.,,,
-O1IoWY4003ZhQ4ORIC3, SIRENE 105 DB SIR 1000 - Preta,,,BRL,"R$ 25,00",35%,"53,84%","R$ 38,46",un.,,,
-O1Iomyw6iQl7yfHoK2o, SENSOR IVP 5001 PET,Intelbras,,BRL,"R$ 49,50",35%,"53,84%","R$ 76,15",un.,,,
-O1Ip37ZvKdcSrqhlLYG, CABO 04 VIAS(04X50) LIGA COBRE MULTICORES BR 100 M,,,BRL,"R$ 49,80",35%,"53,86%","R$ 76,62",un.,,,
-O1IpGMiMvueRmevOR7T, Nobreak ATTIV 1200VA-BI,Intelbras,,BRL,"R$ 756,00",35%,"53,85%","R$ 1.163,08",un.,,,
-O1IpSweS4a9Y-QChZHz, Nobreak ATTIV 600VA-BI,Intelbras,,BRL,"R$ 407,00",35%,"53,85%","R$ 626,15",un.,,,
-O2FdCGNsWGawx3A8q2t,AUT DESL SUPER FLASH 220V 60HZ R 4010F (PECCININ),,,BRL,"R$ 1.239,04",25%,"33,33%","R$ 1.652,05",un.,,,
-O5TZMUNKcSGaK9z7lTl,"BOTOEIRA SIMPLES SEM FIO 433,92MHZ ( IPEC)",,,BRL,"R$ 39,99",35%,"53,84%","R$ 61,52",un.,,,
-O5TZXbNYfWntxoo0kSu,BOTOEIRA INOX BRANCA,,,BRL,"R$ 69,68",35%,"53,85%","R$ 107,20",un.,,,
-O5nvo81BnMIbYO6kj9o,COMPUTADOR GAMER - MONITORAMENTO CFTV,ATÉ 68 CÂMERAS,,BRL,"R$ 3.000,00",35%,"53,85%","R$ 4.615,38",un.,,,
-O5nwMIWFCWybbqQ-04R,HUB HDMI 1:2,,,BRL,"R$ 200,00",35%,"53,85%","R$ 307,69",un.,,,
-O8ElySJ2xdmwaMpDGnx,SINALEIRA AUDIOVISUAL S 1001,JFL,,BRL,"R$ 98,64","46,97%","88,56%","R$ 186,00",un.,,,
-O8sf4z_7K9-L4a-RMXr,Sirene com efeito luminoso ,Com fio.,,BRL,"R$ 160,00",35%,"53,84%","R$ 246,15",un.,JFL,,
-OBY4pPO2gYZyRLPUMPh,CAMPAINHA SEM FIO COM BATERIA,INTELBRAS,,BRL,"R$ 74,17",36%,"56,25%","R$ 115,89",un.,,,
-OBY54UgVFKMfoMuSzjA,MOUSE SEM FIO,INTELBRAS,,BRL,"R$ 38,51",35%,"53,86%","R$ 59,25",un.,,,
-OGg7WZEY4gHV4ad9GDz,Disco Rígido 2tb WD Intelbras ,,,BRL,"R$ 400,00",35%,"53,85%","R$ 615,38",un.,,,
-OGg7fL-7P-CMjeq5jhM,Disco Rígido 4TB WD INTELBRAS ,,,BRL,"R$ 710,00",35%,"53,85%","R$ 1.092,31",,,,
-OGoA5K3pYpxpWj6H9yL,EXTENSOR HDMI RJ45 50 METROS VEX 1050,Intelbras ,,BRL,"R$ 360,00",25%,"33,33%","R$ 480,00",un.,,,
-OIu5It6E4WkP-xLi5dw,"Switch 5 Portas, 10/100/1000 Mbps",,,BRL,"R$ 95,00",35%,"53,84%","R$ 146,15",un.,,,
-OIu71cllyNKifSqAmWL,ROTEADOR WIRELESS RF 301K 300MBPS -,,,BRL,,,,"R$ 235,94",un.,,,
-OQwjDPSBbP1TrKqkSOE,GRAVADOR DIG. DE VIDEO IMHDX 3108,,,BRL,"R$ 820,00",35%,"53,85%","R$ 1.261,54",un.,,,
-OQwjYZLVVxzxOVlnnbb,GRAVADOR DIG. VIDEO IMHDX 3104,,,BRL,"R$ 449,00",35%,"53,85%","R$ 690,77",un.,,,
-OQwlxem933bFHaTxkJQ,GRAVADOR DIG. VIDEO IMHDX 3116,,,BRL,"R$ 1.551,00",35%,"53,85%","R$ 2.386,15",un.,,,
-ORGe2rUdq0cW4-MmM9c,SENSOR MAGNETICO SOBREPOR XAS 4010 SMART,INTELBRAS ,,BRL,"R$ 69,00",35%,"53,84%","R$ 106,15",kit,,,
-OT2uSpS5x92VSyuE-YQ,INTERFACE CELULAR 3G - ITC 5100,INTELBRAS ,,BRL,"R$ 775,00",35%,"53,85%","R$ 1.192,31",un.,,,
-OVCx1pGFoByY1ciZlKo,CENTRAL TRIFLEX CONECT BRUSHULESS ,,,BRL,"R$ 660,00",25%,"33,33%","R$ 880,00",un.,,,
-OWWbCJiEq31QZKe2ryT,FECHADURA SELENOIDE COM ACIONADOR ,INTELBRAS ,,BRL,"R$ 621,00",35%,"53,85%","R$ 955,38",kit,,,
-OX0EYqoVpSGJrEbmrzD,"CONJ AUT DE PORTOES E PORTAS PIV SUPER CENTRAL DUPLA 220V 60HZ DUPLA MONO 1,30MTS PPA","Incluso:
* Instalação, configuração e ativação.",,BRL,"R$ 1.370,00",45%,"81,82%","R$ 2.490,91",kit,,,
-OX0F1K96XZZVR7kjR6w,"CONJ AUT DE PORTOES E PORTAS PIV SK JET FLEX STANDARD CENTRAL DUPLA 60HZ 1,00MT PPA","Incluso
* Instalação, configuração e ativação.
* Tecnologia super rápido.",,BRL,"R$ 2.494,79",50%,100%,"R$ 4.989,58",kit,,,
-OX0FRMFPTOef9oPcWRY,"CJ PVD DUP 1/4 0,75M P30 220V RAMP GAREN ","Incluso:
* Instalação, configuração e ativação.",,BRL,"R$ 1.089,12",55%,"122,22%","R$ 2.420,27",,,,
-O_r9hnzvhXBWcR7-pgY,CENTRAL COLETIVA 12,Intelbras ,,BRL,"R$ 787,00",35%,"53,85%","R$ 1.210,77",kit,,,
-ObnSmW33gTlOVi0wr0v,KIT COMPLETO CONTROLADOR DE ACESSO CONTROLE FACIAL - USO EXTERNO.,Controle Facial SS 3432 MF e acessórios INTELBRAS,,BRL,"R$ 850,00",50%,100%,"R$ 2.120,00",kit,,,
-OdAWbHAuLtia7oqlyTB,CENTRAL DE ALARME INTELBRAS AMT 2018E,,,BRL,"R$ 546,90",35%,"53,85%","R$ 841,38",un.,,,
-Odi1FfZBSOXZAMavrt9,INVD 3016  ,Intelbras ,,BRL,"R$ 1.943,00",35%,"53,85%","R$ 2.989,23",un.,,,
-Odi1SmRzajn-sZdEa8z,CAMERA TV IP DOME VIPC 1230 D G2,Intelbras ,,BRL,"R$ 206,00","39,96%","66,54%","R$ 343,08",un.,,,
-Odi1eK5rGlp91pr4iLQ,"Câmera Bullet VIP 3250 AL IA, 2MP",Intelbras ,,BRL,"R$ 735,00",35%,"53,85%","R$ 1.130,77",un.,,,
-Odi1uBmPFHQa_QUVbKP,S1110F-P Switch 8 Portas POE Fast,Intelbras ,,BRL,"R$ 424,00",35%,"53,85%","R$ 652,31",un.,,,
-OdiPsqG0HpbllWfCSSY,CONTROLADORA 1 RELE,SOLCOM,,BRL,"R$ 40,00",35%,"53,85%","R$ 61,54",un.,,,
-OeGmZ8vcAcfb7n5h8vm,Etiqueta de acionamento RFID 900mhz TH 3010 veicular,,,BRL,"R$ 4,00",50%,100%,"R$ 8,00",un.,,,
-OeOvY6ucoFNIx9LKqHl,Leitor Rfid Intelbras Le 170 De Cartão Acesso De Veículos,"KIT DE INSTALAÇÃO COMPLETO COM UMA ANTENA, UMA CONTROLADORA, 100 TAGs VEICULAR E ATIVAÇÃO.",,BRL,"R$ 4.400,00",35%,"53,85%","R$ 6.769,23",,,,
-OeOxRh5qLLUmJEl8swQ,CONTROLADOR ACESSO C/LEITOR UHF EMBUTIDO SS 3710 UHF,,,BRL,"R$ 3.120,00",35%,"53,85%","R$ 4.800,00",un.,,,
-OhXEIdRDX01PrsMYSzn,MODULO INTELIGENTE DE PORTARIA MIP 1000 IP,,,BRL,"R$ 657,20",35%,"53,85%","R$ 1.011,08",pc,,,
-OhXEf_DdS6OE9lrzVgH,ETIQUETA DE ACIONAMENTO RFID VEICULAR 900 MHz TH 3020 UHF,,,BRL,"R$ 12,53",35%,"53,87%","R$ 19,28",un.,,,
-OhXF432YMaDp-lzk8Al,CAMERA TV IP BULLET VIPC 1230 B G2,,,BRL,"R$ 204,66",35%,"53,85%","R$ 314,86",un.,,,
-OhXFWuNBgANoM1rnfV9,CONTROLADOR ACESSO FACIAL SS 3531 MF LITE,,,BRL,"R$ 591,99",35%,"53,85%","R$ 910,75",un.,,,
-OhXFjImk8XW2deWqtlc,CONTROLADOR ACESSO SS 3532 MF,,,BRL,"R$ 849,99",35%,"53,85%","R$ 1.307,68",un.,,,
-OiI6QEfbeelaeYyElm_,PROTETOR ELETRONICO C/ 5 TOMADAS,EPE  BRANCO,,BRL,"R$ 44,95",35%,"53,84%","R$ 69,15",un.,,,
-OiI6nTzfnJ41NjF7uvG,SWITCH 10P 100MBPS ,S1110F P,,BRL,"R$ 551,03",35%,"53,85%","R$ 847,74",un.,,,
-Oj1Euqpjf0GjgGh0RLi,SWITCH 5 PORTAS FAST COM 4 PORTAS POE,Intelbras ,,BRL,"R$ 437,54",35%,"53,85%","R$ 673,14",,,,
-OjRh8U57bFjUbEzL61K,INVD 3032 - GRAVADOR DIGITAL DE VÍDEO EM REDE 4K,,,BRL,"R$ 2.462,00",35%,"53,85%","R$ 3.787,69",un.,,,
-OjRhPmoVehDtlaJI6bY,DISCO RIGIDO 6TB WD64PURZ PC,,,BRL,"R$ 1.247,00",35%,"53,85%","R$ 1.918,46",pc,,,
-OjRiCDrFBlnvdV8mHc1,CABO U/UTP 24AWG 305M PRETO I/O IMPACT LAN UTP CAT.5E 4P CM - IL5CMPR,,,BRL,"R$ 620,00",35%,"53,85%","R$ 953,85",cx,,,
-OjRijI80-SjE6fCZ7O7,INVD 3016 - GRAVADOR DIGITAL DE VÍDEO EM REDE - 16 CANAIS - 4K - RECONHECIMENTO+,,,BRL,"R$ 1.943,00",35%,"53,85%","R$ 2.989,23",un.,,,
-OjRj-pGVWeP4KO4b3dp,PROTETOR ELETRONICO C/ 12 TOMADAS P/ RACK - EPR 212+,,,BRL,"R$ 89,00",35%,"53,84%","R$ 136,92",un.,,,
-OjRjJwlrcuACuEJaiel,BANDEJA FIXA P/ RACK BF1U 400mm,,,BRL,"R$ 111,00",35%,"53,85%","R$ 170,77",un.,,,